Image,Info,Vendor,Name
"<img
        src=""//cdn.shopify.com/s/files/1/0090/6438/2521/products/D9_product-img__Bubblegum__3.5g_136x153.jpg?v=1564686583""
        alt=""Delta 9 - Bubblegum""
        data-rimg=""noscript""
        srcset=""//cdn.shopify.com/s/files/1/0090/6438/2521/products/D9_product-img__Bubblegum__3.5g_136x153.jpg?v=1564686583 1x, //cdn.shopify.com/s/files/1/0090/6438/2521/products/D9_product-img__Bubblegum__3.5g_272x306.jpg?v=1564686583 2x, //cdn.shopify.com/s/files/1/0090/6438/2521/products/D9_product-img__Bubblegum__3.5g_408x459.jpg?v=1564686583 3x, //cdn.shopify.com/s/files/1/0090/6438/2521/products/D9_product-img__Bubblegum__3.5g_544x612.jpg?v=1564686583 4x""
        
        
        
      > Delta 9 - Bubblegum View full details","THC: 17-18%
            
          
          
            
            
              CBD: <1%
            
          
          
        
        
        
          
            
              Hybrid",Delta 9 Cannabis,Delta 9 - Bubblegum
"<img
        src=""//cdn.shopify.com/s/files/1/0090/6438/2521/products/D9_product-img__GG-IV__3.5g_136x136.jpg?v=1564760374""
        alt=""Delta 9 - GG IV""
        data-rimg=""noscript""
        srcset=""//cdn.shopify.com/s/files/1/0090/6438/2521/products/D9_product-img__GG-IV__3.5g_136x136.jpg?v=1564760374 1x, //cdn.shopify.com/s/files/1/0090/6438/2521/products/D9_product-img__GG-IV__3.5g_272x272.jpg?v=1564760374 2x, //cdn.shopify.com/s/files/1/0090/6438/2521/products/D9_product-img__GG-IV__3.5g_408x408.jpg?v=1564760374 3x, //cdn.shopify.com/s/files/1/0090/6438/2521/products/D9_product-img__GG-IV__3.5g_544x544.jpg?v=1564760374 4x""
        
        
        
      > Delta 9 - GG IV View full details","THC: 15-16%
            
          
          
            
            
              CBD: <1%
            
          
          
        
        
        
          
            
              Hybrid",Delta 9 Cannabis,Delta 9 - GG IV
"<img
        src=""//cdn.shopify.com/s/files/1/0090/6438/2521/products/D9_product-img__Brooklyn-Sunrise__3.5g_136x153.jpg?v=1556315104""
        alt=""Delta 9 - Brooklyn Sunrise""
        data-rimg=""noscript""
        srcset=""//cdn.shopify.com/s/files/1/0090/6438/2521/products/D9_product-img__Brooklyn-Sunrise__3.5g_136x153.jpg?v=1556315104 1x, //cdn.shopify.com/s/files/1/0090/6438/2521/products/D9_product-img__Brooklyn-Sunrise__3.5g_272x306.jpg?v=1556315104 2x, //cdn.shopify.com/s/files/1/0090/6438/2521/products/D9_product-img__Brooklyn-Sunrise__3.5g_408x459.jpg?v=1556315104 3x, //cdn.shopify.com/s/files/1/0090/6438/2521/products/D9_product-img__Brooklyn-Sunrise__3.5g_544x612.jpg?v=1556315104 4x""
        
        
        
      > Delta 9 - Brooklyn Sunrise View full details","THC: 15-16%
            
          
          
            
            
              CBD: <1%
            
          
          
        
        
        
          
            
              Hybrid",Delta 9 Cannabis,Delta 9 - Brooklyn Sunrise
"<img
        src=""//cdn.shopify.com/s/files/1/0090/6438/2521/products/D9_product-img__13-Dawgs__3.5g_136x153.jpg?v=1556896039""
        alt=""Delta 9 - 13 Dawgs""
        data-rimg=""noscript""
        srcset=""//cdn.shopify.com/s/files/1/0090/6438/2521/products/D9_product-img__13-Dawgs__3.5g_136x153.jpg?v=1556896039 1x, //cdn.shopify.com/s/files/1/0090/6438/2521/products/D9_product-img__13-Dawgs__3.5g_272x306.jpg?v=1556896039 2x, //cdn.shopify.com/s/files/1/0090/6438/2521/products/D9_product-img__13-Dawgs__3.5g_408x459.jpg?v=1556896039 3x, //cdn.shopify.com/s/files/1/0090/6438/2521/products/D9_product-img__13-Dawgs__3.5g_544x612.jpg?v=1556896039 4x""
        
        
        
      > Delta 9 - 13 Dawgs View full details Terpenes","THC: 11-12%
            
          
          
            
            
              CBD: <1%
            
          
          
        
        
          
            
              Terpenes
          
        
        
          
            
              Hybrid",Delta 9 Cannabis,Delta 9 - 13 Dawgs
"<img
        src=""//cdn.shopify.com/s/files/1/0090/6438/2521/products/D9_product-img__Great-White-Shark__3.5g_136x153.jpg?v=1559579705""
        alt=""Delta 9 - Great White Shark""
        data-rimg=""noscript""
        srcset=""//cdn.shopify.com/s/files/1/0090/6438/2521/products/D9_product-img__Great-White-Shark__3.5g_136x153.jpg?v=1559579705 1x, //cdn.shopify.com/s/files/1/0090/6438/2521/products/D9_product-img__Great-White-Shark__3.5g_272x306.jpg?v=1559579705 2x, //cdn.shopify.com/s/files/1/0090/6438/2521/products/D9_product-img__Great-White-Shark__3.5g_408x459.jpg?v=1559579705 3x, //cdn.shopify.com/s/files/1/0090/6438/2521/products/D9_product-img__Great-White-Shark__3.5g_544x612.jpg?v=1559579705 4x""
        
        
        
      > Delta 9 - Great White Shark","THC: 15-16%
            
          
          
            
            
              CBD: <1%
            
          
          
        
        
        
          
            
              Indica",Delta 9 Cannabis,Delta 9 - Great White Shark
"<img
        src=""//cdn.shopify.com/s/files/1/0090/6438/2521/products/D9_product-img__Super-Lemon-Haze__3.5g_136x153.jpg?v=1555536419""
        alt=""Delta 9 - Super Lemon Haze""
        data-rimg=""noscript""
        srcset=""//cdn.shopify.com/s/files/1/0090/6438/2521/products/D9_product-img__Super-Lemon-Haze__3.5g_136x153.jpg?v=1555536419 1x, //cdn.shopify.com/s/files/1/0090/6438/2521/products/D9_product-img__Super-Lemon-Haze__3.5g_272x306.jpg?v=1555536419 2x, //cdn.shopify.com/s/files/1/0090/6438/2521/products/D9_product-img__Super-Lemon-Haze__3.5g_408x459.jpg?v=1555536419 3x, //cdn.shopify.com/s/files/1/0090/6438/2521/products/D9_product-img__Super-Lemon-Haze__3.5g_544x612.jpg?v=1555536419 4x""
        
        
        
      > Delta 9 - Super Lemon Haze View full details","THC: 14-17%
            
          
          
            
            
              CBD: <1%
            
          
          
        
        
        
          
            
              Sativa",Delta 9 Cannabis,Delta 9 - Super Lemon Haze
"<img
        src=""//cdn.shopify.com/s/files/1/0090/6438/2521/products/D9_product-img__Motavation__3.5g_824a095c-e2df-454c-9316-5398117b92d0_136x153.jpg?v=1559837728""
        alt=""Delta 9 - Motavation""
        data-rimg=""noscript""
        srcset=""//cdn.shopify.com/s/files/1/0090/6438/2521/products/D9_product-img__Motavation__3.5g_824a095c-e2df-454c-9316-5398117b92d0_136x153.jpg?v=1559837728 1x, //cdn.shopify.com/s/files/1/0090/6438/2521/products/D9_product-img__Motavation__3.5g_824a095c-e2df-454c-9316-5398117b92d0_272x306.jpg?v=1559837728 2x, //cdn.shopify.com/s/files/1/0090/6438/2521/products/D9_product-img__Motavation__3.5g_824a095c-e2df-454c-9316-5398117b92d0_408x459.jpg?v=1559837728 3x, //cdn.shopify.com/s/files/1/0090/6438/2521/products/D9_product-img__Motavation__3.5g_824a095c-e2df-454c-9316-5398117b92d0_544x612.jpg?v=1559837728 4x""
        
        
        
      > Delta 9 - Motavation View full details","THC: 11-12%
            
          
          
            
            
              CBD: <1%
            
          
          
        
        
        
          
            
              Indica",Delta 9 Cannabis,Delta 9 - Motavation
"<img
        src=""//cdn.shopify.com/s/files/1/0090/6438/2521/products/D9_product-img__Blue-Venom__3.5g_136x153.jpg?v=1555536072""
        alt=""Delta 9 - Blue Venom""
        data-rimg=""noscript""
        srcset=""//cdn.shopify.com/s/files/1/0090/6438/2521/products/D9_product-img__Blue-Venom__3.5g_136x153.jpg?v=1555536072 1x, //cdn.shopify.com/s/files/1/0090/6438/2521/products/D9_product-img__Blue-Venom__3.5g_272x306.jpg?v=1555536072 2x, //cdn.shopify.com/s/files/1/0090/6438/2521/products/D9_product-img__Blue-Venom__3.5g_408x459.jpg?v=1555536072 3x, //cdn.shopify.com/s/files/1/0090/6438/2521/products/D9_product-img__Blue-Venom__3.5g_544x612.jpg?v=1555536072 4x""
        
        
        
      > Delta 9 - Blue Venom View full details","THC: 11-16%
            
          
          
            
            
              CBD: <1%
            
          
          
        
        
        
          
            
              Indica",Delta 9 Cannabis,Delta 9 - Blue Venom
"<img
        src=""//cdn.shopify.com/s/files/1/0090/6438/2521/products/D9_product-img__CBD-Skunk-Haze__3.5g_136x153.jpg?v=1557758018""
        alt=""Delta 9 - CBD Skunk Haze""
        data-rimg=""noscript""
        srcset=""//cdn.shopify.com/s/files/1/0090/6438/2521/products/D9_product-img__CBD-Skunk-Haze__3.5g_136x153.jpg?v=1557758018 1x, //cdn.shopify.com/s/files/1/0090/6438/2521/products/D9_product-img__CBD-Skunk-Haze__3.5g_272x306.jpg?v=1557758018 2x, //cdn.shopify.com/s/files/1/0090/6438/2521/products/D9_product-img__CBD-Skunk-Haze__3.5g_408x459.jpg?v=1557758018 3x, //cdn.shopify.com/s/files/1/0090/6438/2521/products/D9_product-img__CBD-Skunk-Haze__3.5g_544x612.jpg?v=1557758018 4x""
        
        
        
      >
    
  
  
  
        
        
    
      Sale Delta 9 - CBD Skunk Haze View full details Terpenes","THC: 4-6%
            
          
          
            
            
              CBD: 7-9%
            
          
          
        
        
          
            
              Terpenes
          
        
        
          
            
              Sativa",Delta 9 Cannabis,Delta 9 - CBD Skunk Haze
"<img
        src=""//cdn.shopify.com/s/files/1/0090/6438/2521/products/D9_product-img__Prairie-Fire_premium__3.5g_136x119.jpg?v=1555536321""
        alt=""Delta 9 - Prairie Fire""
        data-rimg=""noscript""
        srcset=""//cdn.shopify.com/s/files/1/0090/6438/2521/products/D9_product-img__Prairie-Fire_premium__3.5g_136x119.jpg?v=1555536321 1x, //cdn.shopify.com/s/files/1/0090/6438/2521/products/D9_product-img__Prairie-Fire_premium__3.5g_272x238.jpg?v=1555536321 2x, //cdn.shopify.com/s/files/1/0090/6438/2521/products/D9_product-img__Prairie-Fire_premium__3.5g_408x357.jpg?v=1555536321 3x, //cdn.shopify.com/s/files/1/0090/6438/2521/products/D9_product-img__Prairie-Fire_premium__3.5g_544x476.jpg?v=1555536321 4x""
        
        
        
      > Delta 9 - Prairie Fire View full details","THC: 21-23%
            
          
          
            
            
              CBD: <1%
            
          
          
        
        
        
          
            
              Indica",Delta 9 Cannabis,Delta 9 - Prairie Fire
"<img
        src=""//cdn.shopify.com/s/files/1/0090/6438/2521/products/D9_product-img__Cloud-Nine_premium__3.5g_136x119.jpg?v=1555536130""
        alt=""Delta 9 - Cloud Nine""
        data-rimg=""noscript""
        srcset=""//cdn.shopify.com/s/files/1/0090/6438/2521/products/D9_product-img__Cloud-Nine_premium__3.5g_136x119.jpg?v=1555536130 1x, //cdn.shopify.com/s/files/1/0090/6438/2521/products/D9_product-img__Cloud-Nine_premium__3.5g_272x238.jpg?v=1555536130 2x, //cdn.shopify.com/s/files/1/0090/6438/2521/products/D9_product-img__Cloud-Nine_premium__3.5g_408x357.jpg?v=1555536130 3x, //cdn.shopify.com/s/files/1/0090/6438/2521/products/D9_product-img__Cloud-Nine_premium__3.5g_544x476.jpg?v=1555536130 4x""
        
        
        
      > Delta 9 - Cloud Nine View full details","THC: 21-24%
            
          
          
            
            
              CBD: <1%
            
          
          
        
        
        
          
            
              Indica",Delta 9 Cannabis,Delta 9 - Cloud Nine
"<img
        src=""//cdn.shopify.com/s/files/1/0090/6438/2521/products/D9_product-img__White-Russian__3.5g_136x153.jpg?v=1555536447""
        alt=""Delta 9 - White Russian""
        data-rimg=""noscript""
        srcset=""//cdn.shopify.com/s/files/1/0090/6438/2521/products/D9_product-img__White-Russian__3.5g_136x153.jpg?v=1555536447 1x, //cdn.shopify.com/s/files/1/0090/6438/2521/products/D9_product-img__White-Russian__3.5g_272x306.jpg?v=1555536447 2x, //cdn.shopify.com/s/files/1/0090/6438/2521/products/D9_product-img__White-Russian__3.5g_408x459.jpg?v=1555536447 3x, //cdn.shopify.com/s/files/1/0090/6438/2521/products/D9_product-img__White-Russian__3.5g_544x612.jpg?v=1555536447 4x""
        
        
        
      > Delta 9 - White Russian View full details","THC: 12-13%
            
          
          
            
            
              CBD: <1%
            
          
          
        
        
        
          
            
              Indica",Delta 9 Cannabis,Delta 9 - White Russian
"<img
        src=""//cdn.shopify.com/s/files/1/0090/6438/2521/products/D9_product-img__Black-Domina__3.5g_136x153.jpg?v=1555536027""
        alt=""Delta 9 - Black Domina""
        data-rimg=""noscript""
        srcset=""//cdn.shopify.com/s/files/1/0090/6438/2521/products/D9_product-img__Black-Domina__3.5g_136x153.jpg?v=1555536027 1x, //cdn.shopify.com/s/files/1/0090/6438/2521/products/D9_product-img__Black-Domina__3.5g_272x306.jpg?v=1555536027 2x, //cdn.shopify.com/s/files/1/0090/6438/2521/products/D9_product-img__Black-Domina__3.5g_408x459.jpg?v=1555536027 3x, //cdn.shopify.com/s/files/1/0090/6438/2521/products/D9_product-img__Black-Domina__3.5g_544x612.jpg?v=1555536027 4x""
        
        
        
      > Delta 9 - Black Domina View full details Terpenes","THC: 10-12%
            
          
          
            
            
              CBD: <1%
            
          
          
        
        
          
            
              Terpenes
          
        
        
          
            
              Indica",Delta 9 Cannabis,Delta 9 - Black Domina
"<img
        src=""//cdn.shopify.com/s/files/1/0090/6438/2521/products/D9_product-img__Master-Kush__3.5g_136x153.jpg?v=1555536235""
        alt=""Delta 9 - Master Kush""
        data-rimg=""noscript""
        srcset=""//cdn.shopify.com/s/files/1/0090/6438/2521/products/D9_product-img__Master-Kush__3.5g_136x153.jpg?v=1555536235 1x, //cdn.shopify.com/s/files/1/0090/6438/2521/products/D9_product-img__Master-Kush__3.5g_272x306.jpg?v=1555536235 2x, //cdn.shopify.com/s/files/1/0090/6438/2521/products/D9_product-img__Master-Kush__3.5g_408x459.jpg?v=1555536235 3x, //cdn.shopify.com/s/files/1/0090/6438/2521/products/D9_product-img__Master-Kush__3.5g_544x612.jpg?v=1555536235 4x""
        
        
        
      > Delta 9 - Master Kush View full details","THC: 12-14%
            
          
          
            
            
              CBD: <1%
            
          
          
        
        
        
          
            
              Indica",Delta 9 Cannabis,Delta 9 - Master Kush
"<img
        src=""//cdn.shopify.com/s/files/1/0090/6438/2521/products/Trainwreck-Temp_136x136.jpg?v=1556316485""
        alt=""Delta 9 - Trainwreck""
        data-rimg=""noscript""
        srcset=""//cdn.shopify.com/s/files/1/0090/6438/2521/products/Trainwreck-Temp_136x136.jpg?v=1556316485 1x, //cdn.shopify.com/s/files/1/0090/6438/2521/products/Trainwreck-Temp_272x272.jpg?v=1556316485 2x, //cdn.shopify.com/s/files/1/0090/6438/2521/products/Trainwreck-Temp_408x408.jpg?v=1556316485 3x, //cdn.shopify.com/s/files/1/0090/6438/2521/products/Trainwreck-Temp_544x544.jpg?v=1556316485 4x""
        
        
        
      > Delta 9 - Trainwreck View full details","THC: 14-15%
            
          
          
            
            
              CBD: <1%
            
          
          
        
        
        
          
            
              Hybrid",Delta 9 Cannabis,Delta 9 - Trainwreck
"<img
        src=""//cdn.shopify.com/s/files/1/0090/6438/2521/products/D9_product-img__AK-47__3.5g_136x153.jpg?v=1555535988""
        alt=""Delta 9 - AK-47""
        data-rimg=""noscript""
        srcset=""//cdn.shopify.com/s/files/1/0090/6438/2521/products/D9_product-img__AK-47__3.5g_136x153.jpg?v=1555535988 1x, //cdn.shopify.com/s/files/1/0090/6438/2521/products/D9_product-img__AK-47__3.5g_272x306.jpg?v=1555535988 2x, //cdn.shopify.com/s/files/1/0090/6438/2521/products/D9_product-img__AK-47__3.5g_408x459.jpg?v=1555535988 3x, //cdn.shopify.com/s/files/1/0090/6438/2521/products/D9_product-img__AK-47__3.5g_544x612.jpg?v=1555535988 4x""
        
        
        
      > Delta 9 - AK-47 View full details","THC: 14-15%
            
          
          
            
            
              CBD: <1%
            
          
          
        
        
        
          
            
              Sativa",Delta 9 Cannabis,Delta 9 - AK-47
"<img
        src=""//cdn.shopify.com/s/files/1/0090/6438/2521/products/D9_product-img__Cannatonic__3.5g_136x153.jpg?v=1556315599""
        alt=""Delta 9 - Cannatonic""
        data-rimg=""noscript""
        srcset=""//cdn.shopify.com/s/files/1/0090/6438/2521/products/D9_product-img__Cannatonic__3.5g_136x153.jpg?v=1556315599 1x, //cdn.shopify.com/s/files/1/0090/6438/2521/products/D9_product-img__Cannatonic__3.5g_272x306.jpg?v=1556315599 2x, //cdn.shopify.com/s/files/1/0090/6438/2521/products/D9_product-img__Cannatonic__3.5g_408x459.jpg?v=1556315599 3x, //cdn.shopify.com/s/files/1/0090/6438/2521/products/D9_product-img__Cannatonic__3.5g_544x612.jpg?v=1556315599 4x""
        
        
        
      > Delta 9 - Cannatonic View full details","THC: 10-11%
            
          
          
            
            
              CBD: <1%
            
          
          
        
        
        
          
            
              Hybrid",Delta 9 Cannabis,Delta 9 - Cannatonic
"<img
        src=""//cdn.shopify.com/s/files/1/0090/6438/2521/products/jbCL8qzq1BnLzeelpaT5_jpg_136x139.png?v=1563568977""
        alt=""Vertical - Kent County Kush""
        data-rimg=""noscript""
        srcset=""//cdn.shopify.com/s/files/1/0090/6438/2521/products/jbCL8qzq1BnLzeelpaT5_jpg_136x139.png?v=1563568977 1x, //cdn.shopify.com/s/files/1/0090/6438/2521/products/jbCL8qzq1BnLzeelpaT5_jpg_272x278.png?v=1563568977 2x, //cdn.shopify.com/s/files/1/0090/6438/2521/products/jbCL8qzq1BnLzeelpaT5_jpg_408x417.png?v=1563568977 3x, //cdn.shopify.com/s/files/1/0090/6438/2521/products/jbCL8qzq1BnLzeelpaT5_jpg_544x556.png?v=1563568977 4x""
        
        
        
      > Vertical - Kent County Kush","THC: 15-17%
            
          
          
            
            
              CBD: <1%
            
          
          
        
        
        
          
            
              Indica",Vertical,Vertical - Kent County Kush
"<img
        src=""//cdn.shopify.com/s/files/1/0090/6438/2521/products/JA9nxeCeClPZTizr6YnD_136x136.jpg?v=1563568817""
        alt=""Vertical - Riverview Ride""
        data-rimg=""noscript""
        srcset=""//cdn.shopify.com/s/files/1/0090/6438/2521/products/JA9nxeCeClPZTizr6YnD_136x136.jpg?v=1563568817 1x, //cdn.shopify.com/s/files/1/0090/6438/2521/products/JA9nxeCeClPZTizr6YnD_272x272.jpg?v=1563568817 2x, //cdn.shopify.com/s/files/1/0090/6438/2521/products/JA9nxeCeClPZTizr6YnD_408x408.jpg?v=1563568817 3x, //cdn.shopify.com/s/files/1/0090/6438/2521/products/JA9nxeCeClPZTizr6YnD_544x544.jpg?v=1563568817 4x""
        
        
        
      >
    
  
  
  
        
        
    
      Save 25% Vertical - Riverview Ride View full details","THC: 5-6%
            
          
          
            
            
              CBD: 7-8%
            
          
          
        
        
        
          
            
              Hybrid",Vertical,Vertical - Riverview Ride
"<img
        src=""//cdn.shopify.com/s/files/1/0090/6438/2521/products/http-52-60-121-34-upload-100242-00628242050166-a1c1-fr-c01_1024x1024_890c5616-a2b6-402c-b8ec-cb201159ae54_136x136.png?v=1548093122""
        alt=""Royal High - Super Skunk""
        data-rimg=""noscript""
        srcset=""//cdn.shopify.com/s/files/1/0090/6438/2521/products/http-52-60-121-34-upload-100242-00628242050166-a1c1-fr-c01_1024x1024_890c5616-a2b6-402c-b8ec-cb201159ae54_136x136.png?v=1548093122 1x, //cdn.shopify.com/s/files/1/0090/6438/2521/products/http-52-60-121-34-upload-100242-00628242050166-a1c1-fr-c01_1024x1024_890c5616-a2b6-402c-b8ec-cb201159ae54_272x272.png?v=1548093122 2x, //cdn.shopify.com/s/files/1/0090/6438/2521/products/http-52-60-121-34-upload-100242-00628242050166-a1c1-fr-c01_1024x1024_890c5616-a2b6-402c-b8ec-cb201159ae54_408x408.png?v=1548093122 3x, //cdn.shopify.com/s/files/1/0090/6438/2521/products/http-52-60-121-34-upload-100242-00628242050166-a1c1-fr-c01_1024x1024_890c5616-a2b6-402c-b8ec-cb201159ae54_544x544.png?v=1548093122 4x""
        
        
        
      > Royal High - Super Skunk View full details","THC: 15-16%
            
          
          
            
            
              CBD: <1%
            
          
          
        
        
        
          
            
              Indica",Royal High,Royal High - Super Skunk
"<img
        src=""//cdn.shopify.com/s/files/1/0090/6438/2521/products/http-52-60-121-34-upload-100935-00628242050289-a1c1-en_1024x1024_1aff5f2b-e052-415a-b3d0-d1f829a398bb_136x136.png?v=1554406684""
        alt=""Royal High - CBD Tonic""
        data-rimg=""noscript""
        srcset=""//cdn.shopify.com/s/files/1/0090/6438/2521/products/http-52-60-121-34-upload-100935-00628242050289-a1c1-en_1024x1024_1aff5f2b-e052-415a-b3d0-d1f829a398bb_136x136.png?v=1554406684 1x, //cdn.shopify.com/s/files/1/0090/6438/2521/products/http-52-60-121-34-upload-100935-00628242050289-a1c1-en_1024x1024_1aff5f2b-e052-415a-b3d0-d1f829a398bb_272x272.png?v=1554406684 2x, //cdn.shopify.com/s/files/1/0090/6438/2521/products/http-52-60-121-34-upload-100935-00628242050289-a1c1-en_1024x1024_1aff5f2b-e052-415a-b3d0-d1f829a398bb_408x408.png?v=1554406684 3x, //cdn.shopify.com/s/files/1/0090/6438/2521/products/http-52-60-121-34-upload-100935-00628242050289-a1c1-en_1024x1024_1aff5f2b-e052-415a-b3d0-d1f829a398bb_544x544.png?v=1554406684 4x""
        
        
        
      >
    
  
  
  
        
        
    
      Sale Royal High - CBD Tonic View full details","THC: 6-7%
            
          
          
            
            
              CBD: 8-9%
            
          
          
        
        
        
          
            
              Hybrid",Royal High,Royal High - CBD Tonic
"<img
        src=""//cdn.shopify.com/s/files/1/0090/6438/2521/products/http-52-60-121-34-upload-100244-00628242050227-a1c1-en-c01_1024x1024_79443755-967f-4ab0-99d4-83b5718523ec_136x136.png?v=1548092315""
        alt=""Royal High - Great White Shark""
        data-rimg=""noscript""
        srcset=""//cdn.shopify.com/s/files/1/0090/6438/2521/products/http-52-60-121-34-upload-100244-00628242050227-a1c1-en-c01_1024x1024_79443755-967f-4ab0-99d4-83b5718523ec_136x136.png?v=1548092315 1x, //cdn.shopify.com/s/files/1/0090/6438/2521/products/http-52-60-121-34-upload-100244-00628242050227-a1c1-en-c01_1024x1024_79443755-967f-4ab0-99d4-83b5718523ec_272x272.png?v=1548092315 2x, //cdn.shopify.com/s/files/1/0090/6438/2521/products/http-52-60-121-34-upload-100244-00628242050227-a1c1-en-c01_1024x1024_79443755-967f-4ab0-99d4-83b5718523ec_408x408.png?v=1548092315 3x, //cdn.shopify.com/s/files/1/0090/6438/2521/products/http-52-60-121-34-upload-100244-00628242050227-a1c1-en-c01_1024x1024_79443755-967f-4ab0-99d4-83b5718523ec_544x544.png?v=1548092315 4x""
        
        
        
      > Royal High - Great White Shark View full details","THC: 15-17%
            
          
          
            
            
              CBD: <1%
            
          
          
        
        
        
          
            
              Indica",Royal High,Royal High - Great White Shark
"<img
        src=""//cdn.shopify.com/s/files/1/0090/6438/2521/products/http-52-60-121-34-upload-100243-00628242050258-a1c1-en-c01_1024x1024_abed12f0-4810-47ef-af40-2b9316e912ea_136x136.png?v=1544220915""
        alt=""Royal High - Mazar X GWS""
        data-rimg=""noscript""
        srcset=""//cdn.shopify.com/s/files/1/0090/6438/2521/products/http-52-60-121-34-upload-100243-00628242050258-a1c1-en-c01_1024x1024_abed12f0-4810-47ef-af40-2b9316e912ea_136x136.png?v=1544220915 1x, //cdn.shopify.com/s/files/1/0090/6438/2521/products/http-52-60-121-34-upload-100243-00628242050258-a1c1-en-c01_1024x1024_abed12f0-4810-47ef-af40-2b9316e912ea_272x272.png?v=1544220915 2x, //cdn.shopify.com/s/files/1/0090/6438/2521/products/http-52-60-121-34-upload-100243-00628242050258-a1c1-en-c01_1024x1024_abed12f0-4810-47ef-af40-2b9316e912ea_408x408.png?v=1544220915 3x, //cdn.shopify.com/s/files/1/0090/6438/2521/products/http-52-60-121-34-upload-100243-00628242050258-a1c1-en-c01_1024x1024_abed12f0-4810-47ef-af40-2b9316e912ea_544x544.png?v=1544220915 4x""
        
        
        
      > Royal High - Mazar X GWS View full details","THC: 13-21%
            
          
          
            
            
              CBD: <1%
            
          
          
        
        
        
          
            
              Indica",Royal High,Royal High - Mazar X GWS
"<img
        src=""//cdn.shopify.com/s/files/1/0090/6438/2521/products/JZlMBVS_136x136.png?v=1548093386""
        alt=""Royal High - Northern Lights""
        data-rimg=""noscript""
        srcset=""//cdn.shopify.com/s/files/1/0090/6438/2521/products/JZlMBVS_136x136.png?v=1548093386 1x, //cdn.shopify.com/s/files/1/0090/6438/2521/products/JZlMBVS_272x272.png?v=1548093386 2x, //cdn.shopify.com/s/files/1/0090/6438/2521/products/JZlMBVS_408x408.png?v=1548093386 3x, //cdn.shopify.com/s/files/1/0090/6438/2521/products/JZlMBVS_544x544.png?v=1548093386 4x""
        
        
        
      > Royal High - Northern Lights","THC: 11-13%
            
          
          
            
            
              CBD: <1%
            
          
          
        
        
        
          
            
              Indica",Royal High,Royal High - Northern Lights
"<img
        src=""//cdn.shopify.com/s/files/1/0090/6438/2521/products/http-52-60-121-34-upload-100495-00886708001644-a1c1-en-c01_1024x1024_ed8baaa8-1e70-4aab-87b5-7e9cc4e2ce7d_136x136.png?v=1554406021""
        alt=""Tokyo Smoke - Rise""
        data-rimg=""noscript""
        srcset=""//cdn.shopify.com/s/files/1/0090/6438/2521/products/http-52-60-121-34-upload-100495-00886708001644-a1c1-en-c01_1024x1024_ed8baaa8-1e70-4aab-87b5-7e9cc4e2ce7d_136x136.png?v=1554406021 1x, //cdn.shopify.com/s/files/1/0090/6438/2521/products/http-52-60-121-34-upload-100495-00886708001644-a1c1-en-c01_1024x1024_ed8baaa8-1e70-4aab-87b5-7e9cc4e2ce7d_272x272.png?v=1554406021 2x, //cdn.shopify.com/s/files/1/0090/6438/2521/products/http-52-60-121-34-upload-100495-00886708001644-a1c1-en-c01_1024x1024_ed8baaa8-1e70-4aab-87b5-7e9cc4e2ce7d_408x408.png?v=1554406021 3x, //cdn.shopify.com/s/files/1/0090/6438/2521/products/http-52-60-121-34-upload-100495-00886708001644-a1c1-en-c01_1024x1024_ed8baaa8-1e70-4aab-87b5-7e9cc4e2ce7d_544x544.png?v=1554406021 4x""
        
        
        
      > Tokyo Smoke - Rise View full details","THC: 12-17%
            
          
          
            
            
              CBD: <1%
            
          
          
        
        
        
          
            
              Sativa",Tokyo Smoke,Tokyo Smoke - Rise
"<img
        src=""//cdn.shopify.com/s/files/1/0090/6438/2521/products/upload-100174-00886708000241-a1c1-en-compressed_1024x1024_d3a714d8-96f7-403c-a7eb-2b0c593ba1ee_136x136.jpg?v=1563570045""
        alt=""Tokyo Smoke - Equalize""
        data-rimg=""noscript""
        srcset=""//cdn.shopify.com/s/files/1/0090/6438/2521/products/upload-100174-00886708000241-a1c1-en-compressed_1024x1024_d3a714d8-96f7-403c-a7eb-2b0c593ba1ee_136x136.jpg?v=1563570045 1x, //cdn.shopify.com/s/files/1/0090/6438/2521/products/upload-100174-00886708000241-a1c1-en-compressed_1024x1024_d3a714d8-96f7-403c-a7eb-2b0c593ba1ee_272x272.jpg?v=1563570045 2x, //cdn.shopify.com/s/files/1/0090/6438/2521/products/upload-100174-00886708000241-a1c1-en-compressed_1024x1024_d3a714d8-96f7-403c-a7eb-2b0c593ba1ee_408x408.jpg?v=1563570045 3x, //cdn.shopify.com/s/files/1/0090/6438/2521/products/upload-100174-00886708000241-a1c1-en-compressed_1024x1024_d3a714d8-96f7-403c-a7eb-2b0c593ba1ee_544x544.jpg?v=1563570045 4x""
        
        
        
      >
    
  
  
  
        
        
    
      Sale Tokyo Smoke - Equalize View full details","THC: 6-8%
            
          
          
            
            
              CBD: 7-11%
            
          
          
        
        
        
          
            
              Indica",Tokyo Smoke,Tokyo Smoke - Equalize
"<img
        src=""//cdn.shopify.com/s/files/1/0090/6438/2521/products/nfz5kAKK6sss1Bh4b3U5_136x136.jpg?v=1563570080""
        alt=""Tokyo Smoke - Pause""
        data-rimg=""noscript""
        srcset=""//cdn.shopify.com/s/files/1/0090/6438/2521/products/nfz5kAKK6sss1Bh4b3U5_136x136.jpg?v=1563570080 1x, //cdn.shopify.com/s/files/1/0090/6438/2521/products/nfz5kAKK6sss1Bh4b3U5_272x272.jpg?v=1563570080 2x, //cdn.shopify.com/s/files/1/0090/6438/2521/products/nfz5kAKK6sss1Bh4b3U5_408x408.jpg?v=1563570080 3x, //cdn.shopify.com/s/files/1/0090/6438/2521/products/nfz5kAKK6sss1Bh4b3U5_544x544.jpg?v=1563570080 4x""
        
        
        
      > Tokyo Smoke - Pause View full details","THC: 15-19%
            
          
          
            
            
              CBD: <1%
            
          
          
        
        
        
          
            
              Indica",Tokyo Smoke,Tokyo Smoke - Pause
"<img
        src=""//cdn.shopify.com/s/files/1/0090/6438/2521/products/IMG_20190720_134336_jpg_136x136.png?v=1563832856""
        alt=""Pure Sunfarms - Hash Plant""
        data-rimg=""noscript""
        srcset=""//cdn.shopify.com/s/files/1/0090/6438/2521/products/IMG_20190720_134336_jpg_136x136.png?v=1563832856 1x, //cdn.shopify.com/s/files/1/0090/6438/2521/products/IMG_20190720_134336_jpg_272x272.png?v=1563832856 2x, //cdn.shopify.com/s/files/1/0090/6438/2521/products/IMG_20190720_134336_jpg_408x408.png?v=1563832856 3x, //cdn.shopify.com/s/files/1/0090/6438/2521/products/IMG_20190720_134336_jpg_544x544.png?v=1563832856 4x""
        
        
        
      >
    
  
  
  
        
        
    Sold out Pure Sunfarms - Hash Plant View full details","THC: 15-16%
            
          
          
            
            
              CBD: <1%
            
          
          
        
        
        
          
            
              Indica",Canna Farms,Pure Sunfarms - Hash Plant
"<img
        src=""//cdn.shopify.com/s/files/1/0090/6438/2521/products/http-52-60-121-34-upload-100334-00627697100129-m1c0-en_1024x1024_e7548478-1426-4eac-a460-9d5d590f8d82_136x136.png?v=1554743735""
        alt=""High Tide - A. Haze""
        data-rimg=""noscript""
        srcset=""//cdn.shopify.com/s/files/1/0090/6438/2521/products/http-52-60-121-34-upload-100334-00627697100129-m1c0-en_1024x1024_e7548478-1426-4eac-a460-9d5d590f8d82_136x136.png?v=1554743735 1x, //cdn.shopify.com/s/files/1/0090/6438/2521/products/http-52-60-121-34-upload-100334-00627697100129-m1c0-en_1024x1024_e7548478-1426-4eac-a460-9d5d590f8d82_272x272.png?v=1554743735 2x, //cdn.shopify.com/s/files/1/0090/6438/2521/products/http-52-60-121-34-upload-100334-00627697100129-m1c0-en_1024x1024_e7548478-1426-4eac-a460-9d5d590f8d82_408x408.png?v=1554743735 3x, //cdn.shopify.com/s/files/1/0090/6438/2521/products/http-52-60-121-34-upload-100334-00627697100129-m1c0-en_1024x1024_e7548478-1426-4eac-a460-9d5d590f8d82_544x544.png?v=1554743735 4x""
        
        
        
      > High Tide - A. Haze View full details","THC: 15-16%
            
          
          
            
            
              CBD: <1%
            
          
          
        
        
        
          
            
              Sativa",High Tide,High Tide - A. Haze
"<img
        src=""//cdn.shopify.com/s/files/1/0090/6438/2521/products/50107-m_500x_1ca5c83f-10af-44aa-981a-ce9bad922c1d_136x136.png?v=1543544873""
        alt=""Tweed - Donegal""
        data-rimg=""noscript""
        srcset=""//cdn.shopify.com/s/files/1/0090/6438/2521/products/50107-m_500x_1ca5c83f-10af-44aa-981a-ce9bad922c1d_136x136.png?v=1543544873 1x, //cdn.shopify.com/s/files/1/0090/6438/2521/products/50107-m_500x_1ca5c83f-10af-44aa-981a-ce9bad922c1d_272x272.png?v=1543544873 2x, //cdn.shopify.com/s/files/1/0090/6438/2521/products/50107-m_500x_1ca5c83f-10af-44aa-981a-ce9bad922c1d_408x408.png?v=1543544873 3x, //cdn.shopify.com/s/files/1/0090/6438/2521/products/50107-m_500x_1ca5c83f-10af-44aa-981a-ce9bad922c1d_499x499.png?v=1543544873 3.67x""
        
        
        
      > Tweed - Donegal View full details","THC: 17-18%
            
          
          
            
            
              CBD: <1%
            
          
          
        
        
        
          
            
              Sativa",Tweed Inc.,Tweed - Donegal
"<img
        src=""//cdn.shopify.com/s/files/1/0090/6438/2521/products/50098-m_500x_e7485e49-aa92-4569-8eca-ceb0006b00c0_136x136.png?v=1543544270""
        alt=""Tweed - Boaty McBoatface""
        data-rimg=""noscript""
        srcset=""//cdn.shopify.com/s/files/1/0090/6438/2521/products/50098-m_500x_e7485e49-aa92-4569-8eca-ceb0006b00c0_136x136.png?v=1543544270 1x, //cdn.shopify.com/s/files/1/0090/6438/2521/products/50098-m_500x_e7485e49-aa92-4569-8eca-ceb0006b00c0_272x272.png?v=1543544270 2x, //cdn.shopify.com/s/files/1/0090/6438/2521/products/50098-m_500x_e7485e49-aa92-4569-8eca-ceb0006b00c0_408x408.png?v=1543544270 3x, //cdn.shopify.com/s/files/1/0090/6438/2521/products/50098-m_500x_e7485e49-aa92-4569-8eca-ceb0006b00c0_499x499.png?v=1543544270 3.67x""
        
        
        
      >
    
  
  
  
        
        
    
      Sale Tweed - Boaty McBoatface View full details","THC: 1-4%
            
          
          
            
            
              CBD: 6-10%
            
          
          
        
        
        
          
            
              Sativa",Tweed Inc.,Tweed - Boaty McBoatface
"<img
        src=""//cdn.shopify.com/s/files/1/0090/6438/2521/products/50138-m_300x_a2371baa-dd1a-4fb1-9e4f-01d59db4edac_136x136.png?v=1543523325""
        alt=""LBS - Ocean View""
        data-rimg=""noscript""
        srcset=""//cdn.shopify.com/s/files/1/0090/6438/2521/products/50138-m_300x_a2371baa-dd1a-4fb1-9e4f-01d59db4edac_136x136.png?v=1543523325 1x, //cdn.shopify.com/s/files/1/0090/6438/2521/products/50138-m_300x_a2371baa-dd1a-4fb1-9e4f-01d59db4edac_272x272.png?v=1543523325 2x, //cdn.shopify.com/s/files/1/0090/6438/2521/products/50138-m_300x_a2371baa-dd1a-4fb1-9e4f-01d59db4edac_299x299.png?v=1543523325 2.2x""
        
        
        
      > LBS - Ocean View View full details","THC: 10-15%
            
          
          
            
            
              CBD: <1%
            
          
          
        
        
        
          
            
              Sativa",LBS,LBS - Ocean View
"<img
        src=""//cdn.shopify.com/s/files/1/0090/6438/2521/products/http-52-60-121-34-upload-100012-00688083000751-a1r1-fr-c01_1024x1024_1c5cd758-e113-49c7-9d6a-21ceea194572_136x136.png?v=1543512784""
        alt=""LBS - Moonbeam""
        data-rimg=""noscript""
        srcset=""//cdn.shopify.com/s/files/1/0090/6438/2521/products/http-52-60-121-34-upload-100012-00688083000751-a1r1-fr-c01_1024x1024_1c5cd758-e113-49c7-9d6a-21ceea194572_136x136.png?v=1543512784 1x, //cdn.shopify.com/s/files/1/0090/6438/2521/products/http-52-60-121-34-upload-100012-00688083000751-a1r1-fr-c01_1024x1024_1c5cd758-e113-49c7-9d6a-21ceea194572_272x272.png?v=1543512784 2x, //cdn.shopify.com/s/files/1/0090/6438/2521/products/http-52-60-121-34-upload-100012-00688083000751-a1r1-fr-c01_1024x1024_1c5cd758-e113-49c7-9d6a-21ceea194572_408x408.png?v=1543512784 3x, //cdn.shopify.com/s/files/1/0090/6438/2521/products/http-52-60-121-34-upload-100012-00688083000751-a1r1-fr-c01_1024x1024_1c5cd758-e113-49c7-9d6a-21ceea194572_544x544.png?v=1543512784 4x""
        
        
        
      >
    
  
  
  
        
        
    Sold out LBS - Moonbeam View full details","THC: 17-22%
            
          
          
            
            
              CBD: <1%
            
          
          
        
        
        
          
            
              Indica",LBS,LBS - Moonbeam
"<img
        src=""//cdn.shopify.com/s/files/1/0090/6438/2521/products/http-52-60-121-34-upload-100322-00688083000188-a1r1-en-c01_1024x1024_a82ea89d-dde1-4f27-8b87-09c303bc0975_136x136.png?v=1547674541""
        alt=""DNA Genetics - Lemon Skunk""
        data-rimg=""noscript""
        srcset=""//cdn.shopify.com/s/files/1/0090/6438/2521/products/http-52-60-121-34-upload-100322-00688083000188-a1r1-en-c01_1024x1024_a82ea89d-dde1-4f27-8b87-09c303bc0975_136x136.png?v=1547674541 1x, //cdn.shopify.com/s/files/1/0090/6438/2521/products/http-52-60-121-34-upload-100322-00688083000188-a1r1-en-c01_1024x1024_a82ea89d-dde1-4f27-8b87-09c303bc0975_272x272.png?v=1547674541 2x, //cdn.shopify.com/s/files/1/0090/6438/2521/products/http-52-60-121-34-upload-100322-00688083000188-a1r1-en-c01_1024x1024_a82ea89d-dde1-4f27-8b87-09c303bc0975_408x408.png?v=1547674541 3x, //cdn.shopify.com/s/files/1/0090/6438/2521/products/http-52-60-121-34-upload-100322-00688083000188-a1r1-en-c01_1024x1024_a82ea89d-dde1-4f27-8b87-09c303bc0975_544x544.png?v=1547674541 4x""
        
        
        
      > DNA Genetics - Lemon Skunk View full details","THC: 14-17%
            
          
          
            
            
              CBD: <1%
            
          
          
        
        
        
          
            
              Hybrid",DNA Genetics,DNA Genetics - Lemon Skunk
"<img
        src=""//cdn.shopify.com/s/files/1/0090/6438/2521/products/Aurora_3.5g_Banana_Split_136x136.jpg?v=1553540966""
        alt=""Aurora - Banana Split""
        data-rimg=""noscript""
        srcset=""//cdn.shopify.com/s/files/1/0090/6438/2521/products/Aurora_3.5g_Banana_Split_136x136.jpg?v=1553540966 1x, //cdn.shopify.com/s/files/1/0090/6438/2521/products/Aurora_3.5g_Banana_Split_272x272.jpg?v=1553540966 2x, //cdn.shopify.com/s/files/1/0090/6438/2521/products/Aurora_3.5g_Banana_Split_408x408.jpg?v=1553540966 3x, //cdn.shopify.com/s/files/1/0090/6438/2521/products/Aurora_3.5g_Banana_Split_544x544.jpg?v=1553540966 4x""
        
        
        
      > Aurora - Banana Split View full details","THC: 10-12%
            
          
          
            
            
              CBD: <1%
            
          
          
        
        
        
          
            
              Hybrid",Aurora,Aurora - Banana Split
"<img
        src=""//cdn.shopify.com/s/files/1/0090/6438/2521/products/uCsf6T1SQ3GR0oVvZ0Ij_PkABXWTA_136x136.jpeg?v=1554406548""
        alt=""Namaste - Durga Mata 2""
        data-rimg=""noscript""
        srcset=""//cdn.shopify.com/s/files/1/0090/6438/2521/products/uCsf6T1SQ3GR0oVvZ0Ij_PkABXWTA_136x136.jpeg?v=1554406548 1x, //cdn.shopify.com/s/files/1/0090/6438/2521/products/uCsf6T1SQ3GR0oVvZ0Ij_PkABXWTA_272x272.jpeg?v=1554406548 2x, //cdn.shopify.com/s/files/1/0090/6438/2521/products/uCsf6T1SQ3GR0oVvZ0Ij_PkABXWTA_408x408.jpeg?v=1554406548 3x, //cdn.shopify.com/s/files/1/0090/6438/2521/products/uCsf6T1SQ3GR0oVvZ0Ij_PkABXWTA_544x544.jpeg?v=1554406548 4x""
        
        
        
      >
    
  
  
  
        
        
    
      Sale Namaste - Durga Mata 2 View full details","THC: 6-7%
            
          
          
            
            
              CBD: 11%
            
          
          
        
        
        
          
            
              Indica",Namaste,Namaste - Durga Mata 2
"<img
        src=""//cdn.shopify.com/s/files/1/0090/6438/2521/products/Sensi_Star_136x118.jpg?v=1557435623""
        alt=""Namaste - Sensi Star""
        data-rimg=""noscript""
        srcset=""//cdn.shopify.com/s/files/1/0090/6438/2521/products/Sensi_Star_136x118.jpg?v=1557435623 1x, //cdn.shopify.com/s/files/1/0090/6438/2521/products/Sensi_Star_272x236.jpg?v=1557435623 2x, //cdn.shopify.com/s/files/1/0090/6438/2521/products/Sensi_Star_408x354.jpg?v=1557435623 3x, //cdn.shopify.com/s/files/1/0090/6438/2521/products/Sensi_Star_544x472.jpg?v=1557435623 4x""
        
        
        
      > Namaste - Sensi Star View full details","THC: 16-17%
            
          
          
            
            
              CBD: <1%
            
          
          
        
        
        
          
            
              Indica",Zenabis,Namaste - Sensi Star
"<img
        src=""//cdn.shopify.com/s/files/1/0090/6438/2521/products/utopia-doja-cannabis_136x136.jpg?v=1546892904""
        alt=""Doja - Utopia""
        data-rimg=""noscript""
        srcset=""//cdn.shopify.com/s/files/1/0090/6438/2521/products/utopia-doja-cannabis_136x136.jpg?v=1546892904 1x, //cdn.shopify.com/s/files/1/0090/6438/2521/products/utopia-doja-cannabis_272x272.jpg?v=1546892904 2x, //cdn.shopify.com/s/files/1/0090/6438/2521/products/utopia-doja-cannabis_290x290.jpg?v=1546892904 2.13x""
        
        
        
      > Doja - Utopia View full details","THC: 12-16%
            
          
          
            
            
              CBD: <1%
            
          
          
        
        
        
          
            
              Indica",Doja,Doja - Utopia
"<img
        src=""//cdn.shopify.com/s/files/1/0090/6438/2521/products/Aurora_3.5g_LA_Confidential_136x136.png?v=1557333968""
        alt=""Aurora - LA Confidential""
        data-rimg=""noscript""
        srcset=""//cdn.shopify.com/s/files/1/0090/6438/2521/products/Aurora_3.5g_LA_Confidential_136x136.png?v=1557333968 1x, //cdn.shopify.com/s/files/1/0090/6438/2521/products/Aurora_3.5g_LA_Confidential_272x272.png?v=1557333968 2x, //cdn.shopify.com/s/files/1/0090/6438/2521/products/Aurora_3.5g_LA_Confidential_408x408.png?v=1557333968 3x, //cdn.shopify.com/s/files/1/0090/6438/2521/products/Aurora_3.5g_LA_Confidential_544x544.png?v=1557333968 4x""
        
        
        
      >
    
  
  
  
        
        
    Sold out Aurora - LA Confidential View full details","THC: 16-17% 
            
          
          
            
            
              CBD: <1%
            
          
          
        
        
        
          
            
              Indica",Aurora,Aurora - LA Confidential
"<img
        src=""//cdn.shopify.com/s/files/1/0090/6438/2521/products/0016_Up-Eldo-01_136x136.jpg?v=1563570390""
        alt=""Up - Eldo""
        data-rimg=""noscript""
        srcset=""//cdn.shopify.com/s/files/1/0090/6438/2521/products/0016_Up-Eldo-01_136x136.jpg?v=1563570390 1x, //cdn.shopify.com/s/files/1/0090/6438/2521/products/0016_Up-Eldo-01_272x272.jpg?v=1563570390 2x, //cdn.shopify.com/s/files/1/0090/6438/2521/products/0016_Up-Eldo-01_408x408.jpg?v=1563570390 3x, //cdn.shopify.com/s/files/1/0090/6438/2521/products/0016_Up-Eldo-01_544x544.jpg?v=1563570390 4x""
        
        
        
      > Up - Eldo View full details","THC: 11-12%
            
          
          
            
            
              CBD: <1%
            
          
          
        
        
        
          
            
              Sativa",Up Cannabis,Up - Eldo
"<img
        src=""//cdn.shopify.com/s/files/1/0090/6438/2521/products/Mango_Haze_136x136.jpg?v=1564687171""
        alt=""Color - Mango haze""
        data-rimg=""noscript""
        srcset=""//cdn.shopify.com/s/files/1/0090/6438/2521/products/Mango_Haze_136x136.jpg?v=1564687171 1x, //cdn.shopify.com/s/files/1/0090/6438/2521/products/Mango_Haze_272x272.jpg?v=1564687171 2x, //cdn.shopify.com/s/files/1/0090/6438/2521/products/Mango_Haze_408x408.jpg?v=1564687171 3x, //cdn.shopify.com/s/files/1/0090/6438/2521/products/Mango_Haze_544x544.jpg?v=1564687171 4x""
        
        
        
      >
    
  
  
  
        
        
    Sold out Color - Mango haze","THC: 5-6%
            
          
          
            
            
              CBD: 8-9%
            
          
          
        
        
        
          
            
              Hybrid",Color Cannabis,Color - Mango haze